event_id,event_time,year,cluster_month,event_sign,P2_score,event_scale,price_20utc,max_counter_h1,max_aligned_h1,max_counter_h3,max_aligned_h3,max_counter_h6,max_aligned_h6,max_counter_h12,max_aligned_h12,T1_max_counter_60m,time_max_counter_min,fp_0.10_event,fp_0.10_time_min,fp_0.25_event,fp_0.25_time_min,fp_0.50_event,fp_0.50_time_min,fp_1.00_event,fp_1.00_time_min,sign_change_count,auc_counter_fraction_hours
2021-02-23T16:00:00Z,2021-02-23 16:00:00+00:00,2021,2021-02,-1,0.060771985946714902,0.065952973624545802,45523.019999999997,0.74637771799431762,0.090873275346305293,1.0402887230349942,0.090873275346305293,1.4904431672535052,0.090873275346305293,1.8283196003541944,0.090873275346305293,0.74637771799431762,500,1,5,1,5,1,35,1,140,0,14.146072239780526
2021-02-25T16:00:00Z,2021-02-25 16:00:00+00:00,2021,2021-02,-1,-0.030399024178020401,0.0324561583377748,49442.199999999997,0.067110593569543103,0.57409962293218142,0.067110593569543103,1.2535467642272482,0.067110593569543103,2.2233966602327455,0.067110593569543103,3.5183091362972245,0.067110593569543103,30,0,720,0,720,0,720,0,720,0,0
2021-03-13T16:00:00Z,2021-03-13 16:00:00+00:00,2021,2021-03,1,-0.40912914608010131,0.019443210898602001,60773.559999999998,0.10319806743739911,0.89801316063636338,0.14242390055819587,0.89801316063636338,0.14242390055819587,0.89801316063636338,0.27006382002185131,0.89801316063636338,0.10319806743739911,720,1,5,1,720,0,720,0,720,9,0.050383567415884956
2021-04-06T16:00:00Z,2021-04-06 16:00:00+00:00,2021,2021-04,1,-4.4945754716446364,0.0079860442445176,58225.010000000002,0.48486450447203167,0.18674741756273586,1.6044719774119212,0.18674741756273586,2.3075372717097955,0.18674741756273586,2.3075372717097955,0.92133667363709859,0.48486450447203167,330,1,15,1,25,1,85,1,85,9,8.9896966671805671
2021-04-15T16:00:00Z,2021-04-15 16:00:00+00:00,2021,2021-04,1,-3.8573016728811536,0.013585642906170601,63363.290000000001,0.21163462538457398,0.2654845769973172,0.2141627469782256,0.50557185515938785,0.79335814626361645,0.50557185515938785,2.7677052638441144,0.50557185515938785,0.21163462538457398,680,1,15,1,205,1,340,1,515,17,9.0832202675792626
2021-05-10T16:00:00Z,2021-05-10 16:00:00+00:00,2021,2021-05,-1,-5.2741900504559291,0.048853077451985201,55733.760000000002,0.0021521102481778516,0.87559113407897093,0.19596536444631088,0.87559113407897093,0.25611429061525576,0.87559113407897093,0.25611429061525576,0.87559113407897093,0.0021521102481778516,270,1,170,1,270,0,720,0,720,17,0.15528958287756237
2021-05-14T16:00:00Z,2021-05-14 16:00:00+00:00,2021,2021-05,-1,-3.7597848102657858,0.022275886542931202,50141.330000000002,0.13701350855952743,0.9741326526345212,0.13701350855952743,1.0061670228015545,0.49741196470339399,1.0061670228015545,0.49741196470339399,1.5867294132425194,0.13701350855952743,360,1,10,1,325,0,720,0,720,11,0.35155041719043556
2021-06-17T16:00:00Z,2021-06-17 16:00:00+00:00,2021,2021-06,-1,-0.32917216411203742,0.0392901886555687,37702.529999999999,0.11476513675470201,0.22888064122494536,0.17890321027872655,0.22888064122494536,0.37224274749823094,0.22888064122494536,0.37224274749823094,0.3326285468673798,0.11476513675470201,190,1,15,1,185,0,720,0,720,21,0.94606913752759736
2021-06-18T16:00:00Z,2021-06-18 16:00:00+00:00,2021,2021-06,-1,-0.43436284470955322,0.034299241324189801,35323.650000000001,0.44449911184454971,0.075528525177144437,0.44449911184454971,0.075528525177144437,0.79274776961866933,0.075528525177144437,0.79274776961866933,0.43249295368205887,0.44449911184454971,325,1,5,1,10,1,255,0,720,4,2.7969204879799339
2021-07-10T16:00:00Z,2021-07-10 16:00:00+00:00,2021,2021-07,-1,2.7640382687514409,0.019057650664848502,33411.410000000003,1.5704921467932625e-05,0.64252720153938114,0.44970958499072783,0.64252720153938114,0.63442866049363944,0.64252720153938114,0.63442866049363944,0.64252720153938114,1.5704921467932625e-05,260,1,125,1,140,1,255,0,720,5,2.167247381453536
2021-07-12T16:00:00Z,2021-07-12 16:00:00+00:00,2021,2021-07,-1,1.63273549579743,0.0177796274643225,32822.849999999999,0.28503095638379777,0.28260770058025708,0.47025338773568859,0.28260770058025708,0.78638461120225656,0.28260770058025708,0.86800908313782665,0.28260770058025708,0.28503095638379777,680,1,20,1,45,1,200,0,720,5,4.2338735743266316
2021-07-13T16:00:00Z,2021-07-13 16:00:00+00:00,2021,2021-07,-1,0.95565686899564917,0.017184277434249402,32309.689999999999,0.44739609194022245,0.19383179565108907,0.60275495296406012,0.19383179565108907,0.88960500843049806,0.19383179565108907,0.88960500843049806,1.1993383841869814,0.44739609194022245,250,1,10,1,10,1,65,0,720,3,2.6261126195297013
2021-08-07T16:00:00Z,2021-08-07 16:00:00+00:00,2021,2021-08,1,-1.569020717954678,0.015761150079931702,43931.410000000003,0.44650643934814715,0.30963755008227462,0.66990726790525834,0.59894660441558545,0.66990726790525834,1.2082067300096671,0.66990726790525834,1.9604029231722269,0.44650643934814715,120,1,5,1,10,1,120,0,720,15,0.16903766693485486
2021-08-19T16:00:00Z,2021-08-19 16:00:00+00:00,2021,2021-08,1,0.25344721711893292,0.021126050847493801,46710,0.28064446862301978,0.16903342696875659,0.3763204971469058,0.16903342696875659,0.3763204971469058,0.68412982482217566,0.3763204971469058,0.68412982482217566,0.28064446862301978,140,1,5,1,15,0,720,0,720,5,0.59066683545924925
2021-08-30T16:00:00Z,2021-08-30 16:00:00+00:00,2021,2021-08,1,-3.847058644210926,0.0124248749992744,48619.989999999998,0.15739668659202927,0.12716375534211169,1.8094195860866675,0.12716375534211169,3.2427367308549333,0.12716375534211169,3.2427367308549333,0.12716375534211169,0.15739668659202927,285,1,10,1,70,1,70,1,145,6,24.756195775777499
2021-09-09T16:00:00Z,2021-09-09 16:00:00+00:00,2021,2021-09,-1,1.4205129966075052,0.011572254524261701,46567.199999999997,0.14714101786508238,0.962854081404243,0.14714101786508238,0.962854081404243,0.86007893530373491,0.962854081404243,0.86007893530373491,1.247061542440151,0.14714101786508238,345,1,10,1,325,1,340,0,720,15,1.4000113002677632
2021-09-23T16:00:00Z,2021-09-23 16:00:00+00:00,2021,2021-09,1,-0.199140906180513,0.026818950657168002,44767.559999999998,0.25023414428106672,0.044475509561095611,0.34269402633784996,0.17486557958079582,0.34269402633784996,0.17530495058170417,0.73848782886939446,0.35845238597122842,0.25023414428106672,570,1,5,1,25,1,495,0,720,11,2.4986232680140592
2021-10-05T16:00:00Z,2021-10-05 16:00:00+00:00,2021,2021-10,1,0.37842187295548441,0.031518822940867802,51190.110000000001,0.053123189449859054,0.35969325088761495,0.053123189449859054,0.42858316299839377,0.16926889598020012,0.42858316299839377,0.16926889598020012,0.42858316299839377,0.053123189449859054,315,1,315,0,720,0,720,0,720,4,0.036748767285600142
2021-10-19T16:00:00Z,2021-10-19 16:00:00+00:00,2021,2021-10,1,-1.6871746491041739,0.030043068533178102,64170.580000000002,0.19225685943516266,0.089315037853843163,0.30251986156908472,0.089315037853843163,0.30251986156908472,0.16320888660145305,0.3594140390767655,0.16320888660145305,0.19225685943516266,595,1,5,1,80,0,720,0,720,10,1.2467401003104095
2021-10-24T16:00:00Z,2021-10-24 16:00:00+00:00,2021,2021-10,1,-1.399541479987827,0.0146787485209556,60643.089999999997,0.085925918231191334,0.58757436330304935,0.085925918231191334,0.84504061331446367,0.085925918231191334,1.638383773855306,0.085925918231191334,2.4893448616528566,0.085925918231191334,10,0,720,0,720,0,720,0,720,3,0.0075701136264348648
2021-10-30T16:00:00Z,2021-10-30 16:00:00+00:00,2021,2021-10,1,-1.0603682955518487,0.0067518216807101001,61730.839999999997,0.44643018230529696,0.54879583088392336,1.3396193787335366,0.54879583088392336,1.3396193787335366,1.6094269399312076,1.6043563013878714,1.6094269399312076,0.44643018230529696,640,1,5,1,60,1,85,1,155,8,4.8593097801493359
2021-11-06T16:00:00Z,2021-11-06 16:00:00+00:00,2021,2021-11,1,-2.7742667360143369,0.0088233256922695003,61175.410000000003,0.14163007620423054,0.44691904125555554,0.14163007620423054,0.58064628881678548,0.14163007620423054,2.1155757973660063,0.14163007620423054,2.1155757973660063,0.14163007620423054,10,1,10,0,720,0,720,0,720,8,0.021938282915103864
2021-11-20T16:00:00Z,2021-11-20 16:00:00+00:00,2021,2021-11,1,-0.13301645980836591,0.034754311615392802,59430.040000000001,0.059103480607964949,0.052309049187091984,0.059103480607964949,0.14470799780502483,0.093249289196354043,0.20020721351780241,0.4538449322727986,0.20020721351780241,0.059103480607964949,475,1,375,1,400,0,720,0,720,9,1.5475650127099616
2021-11-22T16:00:00Z,2021-11-22 16:00:00+00:00,2021,2021-11,-1,-1.5618165961934054,0.042021962442726303,55993.040000000001,0.15319036462724969,0.1334155033390238,0.30359662414631999,0.16335163086772322,0.41963419746384656,0.16335163086772322,0.5318588736012152,0.16335163086772322,0.15319036462724969,430,1,5,1,165,1,430,0,720,6,2.5651261703076726
2021-12-03T16:00:00Z,2021-12-03 16:00:00+00:00,2021,2021-12,-1,-3.3923178138627801,0.040567212298579701,53838.660000000003,0.18807378003185704,1.0087194725761557,0.18807378003185704,1.0087194725761557,0.18807378003185704,1.0087194725761557,0.18807378003185704,6.1210771281355028,0.18807378003185704,10,1,10,0,720,0,720,0,720,5,0.010045705486972778
2021-12-09T16:00:00Z,2021-12-09 16:00:00+00:00,2021,2021-12,-1,2.0539677043441702,0.020093400291093001,47615.889999999999,0.11327395443367833,0.31022573878080412,0.88285340401644941,0.31022573878080412,1.210536575962718,0.31022573878080412,1.210536575962718,0.31022573878080412,0.11327395443367833,275,1,25,1,80,1,105,1,275,7,6.2635737463489551
2021-12-16T16:00:00Z,2021-12-16 16:00:00+00:00,2021,2021-12,-1,2.1381974731275606,0.0191131574847117,47866.010000000002,0.56697557077688565,0.036815969528168173,0.56697557077688565,0.38949012046888859,0.56697557077688565,0.52243275944262657,0.56697557077688565,1.2348048294960168,0.56697557077688565,35,1,10,1,25,1,30,0,720,13,0.52646924281006746
2021-12-19T16:00:00Z,2021-12-19 16:00:00+00:00,2021,2021-12,-1,1.106980735097058,0.0140654931637495,46673.940000000002,0.34695521425559755,0.29159844362799636,1.3220873122128729,0.29159844362799636,1.3220873122128729,0.69484759471805035,1.3220873122128729,0.87504611385715214,0.34695521425559755,180,1,15,1,20,1,130,1,180,18,2.1811439577067642
2021-12-23T16:00:00Z,2021-12-23 16:00:00+00:00,2021,2021-12,1,-3.0872597464264309,0.0510253318294136,51110,0.15063660113522637,0.038039603585570264,0.18773210172620852,0.038039603585570264,0.23492320941306902,0.10135161988754313,0.23492320941306902,0.15947031074960991,0.15063660113522637,220,1,20,0,720,0,720,0,720,4,0.87715150885030113
2021-12-28T16:00:00Z,2021-12-28 16:00:00+00:00,2021,2021-12,-1,1.9435975877213725,0.0337582545344845,47689.459999999999,0.28025056196924314,0.075952322394159819,0.28025056196924314,0.2303842457066817,0.28025056196924314,0.2303842457066817,0.28025056196924314,0.2303842457066817,0.28025056196924314,45,1,25,1,45,0,720,0,720,10,0.94507612268672325
2021-12-29T16:00:00Z,2021-12-29 16:00:00+00:00,2021,2021-12,-1,-0.81771708901159124,0.0196901342075913,47148.620000000003,0.60027579960549948,0.074756403059057563,0.60027579960549948,0.10215330396833221,0.60027579960549948,1.3631000687446635,0.60027579960549948,1.3631000687446635,0.60027579960549948,40,1,10,1,30,1,35,0,720,5,0.52346019803745558
2021-12-31T16:00:00Z,2021-12-31 16:00:00+00:00,2021,2021-12,-1,-0.1895865216061452,0.0496750816370762,45728.279999999999,0.21142300198493519,0.0221467847334097,0.36716573601288677,0.0221467847334097,0.53077049701843793,0.0221467847334097,0.78875716435934706,0.0221467847334097,0.21142300198493519,575,1,5,1,100,1,320,0,720,0,4.8074907053977123
2022-01-05T16:00:00Z,2022-01-05 16:00:00+00:00,2022,2022-01,-1,0.42861756801290912,0.0465947115172008,44685.93,0.077693033377138523,0.46775540954500122,0.077693033377138523,1.076401364155539,0.077693033377138523,1.076401364155539,0.077693033377138523,1.076401364155539,0.077693033377138523,5,0,720,0,720,0,720,0,720,0,0
2022-01-24T16:00:00Z,2022-01-24 16:00:00+00:00,2022,2022-01,1,-0.16829118918777761,0.062339455146466501,36066.400000000001,0.051350589699726869,0.64664816389292445,0.051350589699726869,0.64664816389292445,0.051350589699726869,0.64664816389292445,0.1633473436670598,0.64664816389292445,0.051350589699726869,680,1,570,0,720,0,720,0,720,14,0.16003942467760623
2022-01-30T16:00:00Z,2022-01-30 16:00:00+00:00,2022,2022-01,-1,0.97519297195510002,0.0142551180129414,37512.370000000003,0.42439457084308246,0.30123871208344821,0.63882958770796094,0.30123871208344821,1.3293332571595293,1.4196151160450798,1.3293332571595293,1.6647998216390094,0.42439457084308246,195,1,5,1,15,1,125,1,190,2,1.9925778681471455
2022-02-10T16:00:00Z,2022-02-10 16:00:00+00:00,2022,2022-02,-1,0.0024115175071122001,0.0135749071008245,44373.949999999997,0.37619658504770143,0.98269936916431777,0.37619658504770143,1.2748879962410564,0.37619658504770143,3.0054225760408535,0.37619658504770143,3.0054225760408535,0.37619658504770143,15,1,10,1,10,0,720,0,720,2,0.047110364064120953
2022-02-16T16:00:00Z,2022-02-16 16:00:00+00:00,2022,2022-02,1,0.71048623515952236,0.0169661167881115,44219.989999999998,0.19283978724207751,0.20835077068057795,0.45804156853722344,0.20835077068057795,0.53250755905314529,0.20835077068057795,1.1711723023520686,0.20835077068057795,0.19283978724207751,490,1,35,1,100,1,240,1,485,3,4.9373941496900429
2022-02-23T16:00:00Z,2022-02-23 16:00:00+00:00,2022,2022-02,-1,-0.046053131219306001,0.025682651107642201,37615.809999999998,0.12685383035766698,0.24285949462231957,0.18644340607763543,0.55861445086266492,0.18644340607763543,1.0255361671654923,0.18644340607763543,3.5677677658440143,0.12685383035766698,80,1,30,0,720,0,720,0,720,6,0.072782715125423003
2022-02-27T16:00:00Z,2022-02-27 16:00:00+00:00,2022,2022-02,-1,-1.4240901790256413,0.048333679043567501,37604.400000000001,0.37888496599481508,0.13656635716608814,0.37888496599481508,0.33523523353476375,0.47811987806547007,0.33523523353476375,0.47811987806547007,0.33523523353476375,0.37888496599481508,335,1,5,1,50,0,720,0,720,16,1.4038504221593282
2022-03-07T16:00:00Z,2022-03-07 16:00:00+00:00,2022,2022-03,-1,-0.58489688688304631,0.049278132655956902,37308.940000000002,0.28250940926001616,0.083903840982265929,0.63216642569610637,0.083903840982265929,0.64710274957455827,0.083903840982265929,0.88502777500923913,0.083903840982265929,0.28250940926001616,410,1,25,1,30,1,80,0,720,1,6.0042179018739965
2022-03-31T16:00:00Z,2022-03-31 16:00:00+00:00,2022,2022-03,-1,0.43087004618999702,0.020746159620561901,45581.980000000003,0.21947501479443429,0.066613904847335398,0.28258326976226766,0.066613904847335398,0.28258326976226766,0.76098986439539429,0.28258326976226766,1.4840179801367601,0.21947501479443429,90,1,15,1,90,0,720,0,720,8,0.57048202287594396
2022-04-12T16:00:00Z,2022-04-12 16:00:00+00:00,2022,2022-04,-1,-0.96881783988343317,0.023106113374972401,39303.099999999999,0.3234512188435712,0.053405654880421517,0.68161141363321542,0.053405654880421517,1.0722521213502871,0.053405654880421517,1.0722521213502871,0.053405654880421517,0.3234512188435712,205,1,5,1,25,1,155,1,205,0,8.1111724449513076
2022-04-25T16:00:00Z,2022-04-25 16:00:00+00:00,2022,2022-04,1,-0.0799510532884984,0.0354832007204363,40225.980000000003,0.12613777445426988,0.068938796068458985,0.12613777445426988,0.27193212306525955,0.12613777445426988,0.38110947214457241,0.12613777445426988,0.38110947214457241,0.12613777445426988,40,1,40,0,720,0,720,0,720,4,0.10680625783521693
2022-04-29T16:00:00Z,2022-04-29 16:00:00+00:00,2022,2022-04,-1,-0.25266352327069891,0.021505402645713202,38331.550000000003,0.305242640697031,0.025057232613448346,0.38470330286952448,0.025057232613448346,0.55929436425518053,0.025057232613448346,0.55929436425518053,0.025057232613448346,0.305242640697031,270,1,10,1,25,1,265,0,720,0,4.2507483562467714
2022-05-01T16:00:00Z,2022-05-01 16:00:00+00:00,2022,2022-05,-1,-0.36128660209406183,0.019412991600621501,37807.870000000003,0.73336065768332293,0.16595640120600061,1.0340577486711049,0.16595640120600061,1.3485542730738409,0.16595640120600061,1.819706873187545,0.16595640120600061,0.73336065768332293,610,1,25,1,55,1,60,1,135,1,12.611295302118167
2022-05-04T16:00:00Z,2022-05-04 16:00:00+00:00,2022,2022-05,1,0.47622719884573173,0.0265992971909026,39859.230000000003,0.099402442598081495,0.078316637946542089,0.17132479227304032,0.078316637946542089,0.30548379436076334,0.078316637946542089,0.32425903228310893,0.078316637946542089,0.099402442598081495,680,1,110,1,260,0,720,0,720,6,1.8599882548152833
2022-05-11T16:00:00Z,2022-05-11 16:00:00+00:00,2022,2022-05,-1,0.85876663038029211,0.0594385006005917,29372.209999999999,0.15985991741934019,0.68519580532085067,0.15985991741934019,0.93462456046067621,0.491529281771102,0.93462456046067621,0.491529281771102,1.6047750676772756,0.15985991741934019,285,1,5,1,270,0,720,0,720,4,0.33371972233453173
2022-05-23T16:00:00Z,2022-05-23 16:00:00+00:00,2022,2022-05,-1,-3.3062587742382483,0.043579313893688201,29089.91,0.28966410194408287,0.03818692065993734,0.32047321414161778,0.042896594116611023,0.32047321414161778,0.1770294459260672,0.32047321414161778,0.1770294459260672,0.28966410194408287,95,1,5,1,50,0,720,0,720,2,1.7456893015896433
2022-06-09T16:00:00Z,2022-06-09 16:00:00+00:00,2022,2022-06,-1,0.27333712518865422,0.0108245756841811,30017.119999999999,0.55431226215024532,0.14356104156499602,0.71395860140951151,0.14356104156499602,0.71395860140951151,1.3584447294860262,1.1186372207091027,1.3584447294860262,0.55431226215024532,425,1,5,1,5,1,55,1,425,2,2.9951716818477827
2022-06-10T16:00:00Z,2022-06-10 16:00:00+00:00,2022,2022-06,-1,1.1175365394138179,0.020737725348354601,28980.029999999999,0.46591066952175159,0.016692298775010477,0.69379365452390684,0.016692298775010477,0.69379365452390684,0.016692298775010477,0.76002782565053295,0.016692298775010477,0.46591066952175159,550,1,5,1,5,1,115,0,720,0,5.2052744639727422
2022-06-18T16:00:00Z,2022-06-18 16:00:00+00:00,2022,2022-06,-1,-0.85354548810477482,0.049902620159375501,18067.610000000001,0.12141210016702421,0.50042885347968391,1.5218918991165611,0.50042885347968391,1.5218918991165611,0.50042885347968391,1.5218918991165611,0.50042885347968391,0.12141210016702421,155,1,20,1,85,1,90,1,150,5,6.2474354700207151
2022-06-21T16:00:00Z,2022-06-21 16:00:00+00:00,2022,2022-06,-1,-1.1402119421040178,0.024712701899447902,20888.630000000001,0.19084570021907474,0.43358893136582777,0.3209926174636491,0.43358893136582777,0.3209926174636491,0.9816008357295557,0.3209926174636491,1.8597240475663488,0.19084570021907474,120,1,5,1,120,0,720,0,720,9,0.083860105729414644
2022-06-23T16:00:00Z,2022-06-23 16:00:00+00:00,2022,2022-06,1,-0.41110502827998913,0.0287514483265255,20910.060000000001,0.27773857859430823,0.35240351070849157,0.39703829985287764,0.53305809671621018,0.39703829985287764,0.53305809671621018,0.39703829985287764,0.75650683738585645,0.27773857859430823,105,1,5,1,10,0,720,0,720,13,0.51217570698208881
2022-06-28T16:00:00Z,2022-06-28 16:00:00+00:00,2022,2022-06,-1,-0.22652156794167841,0.019028410424402901,20255.009999999998,0.17331642539674905,0.13769231869546802,0.5374059337080086,0.13769231869546802,0.5374059337080086,0.26794835699686609,0.5374059337080086,0.95832257513715413,0.17331642539674905,145,1,30,1,75,1,145,0,720,9,1.6600809719832152
2022-07-12T16:00:00Z,2022-07-12 16:00:00+00:00,2022,2022-07,-1,-2.7135993034989205,0.0310680116475761,19398.740000000002,0.25823643920486422,0.032654095243095489,0.25823643920486422,0.26447364453440309,0.25823643920486422,0.26447364453440309,0.7806918997294694,0.26447364453440309,0.25823643920486422,705,1,5,1,35,1,705,0,720,12,1.4668356922021288
2022-08-28T16:00:00Z,2022-08-28 16:00:00+00:00,2022,2022-08,-1,1.3587339703509531,0.0033484175844715001,19972.310000000001,1.1046356728435105,0.13565568734169528,1.1588591900215686,1.4738223309233152,1.1588591900215686,6.8412116127964619,1.1588591900215686,6.8412116127964619,1.1046356728435105,100,1,5,1,5,1,15,1,45,1,0.82757310324970956
2022-09-08T16:00:00Z,2022-09-08 16:00:00+00:00,2022,2022-09,1,-0.76816964614043792,0.0053480454422214002,19352.380000000001,0.23377511667954359,1.0201363072224137,0.97337470719870411,1.0201363072224137,0.97337470719870411,1.0201363072224137,0.97337470719870411,13.488587215343316,0.23377511667954359,155,1,5,1,70,1,70,0,720,9,1.2972529459644591
2022-11-04T16:00:00Z,2022-11-04 16:00:00+00:00,2022,2022-11,1,-0.83724245331109415,0.0131945858809709,21108.540000000001,0.21540828066017945,0.14839057838605815,0.21540828066017945,0.36041039417184539,0.21540828066017945,1.2515364560127387,0.21540828066017945,1.3243941200164979,0.21540828066017945,15,1,5,0,720,0,720,0,720,5,0.12807751865966019
2022-12-14T16:00:00Z,2022-12-14 16:00:00+00:00,2022,2022-12,-1,1.7158768195215326,0.019692876998591201,17792.900000000001,0.43883156492310343,0.3780087556217186,0.43883156492310343,0.3780087556217186,0.43883156492310343,0.53907718484445077,0.43883156492310343,0.66617829017124497,0.43883156492310343,15,1,5,1,15,0,720,0,720,5,0.41649726902303347
2023-03-22T16:00:00Z,2023-03-22 16:00:00+00:00,2023,2023-03,-1,-1.6066475137592304,0.0704350434520849,26668.799999999999,0.37210031737365179,0.035713190643848869,0.40368885696799495,0.035713190643848869,0.40368885696799495,0.035713190643848869,0.53862493054552607,0.035713190643848869,0.37210031737365179,600,1,5,1,20,1,595,0,720,0,4.1677411318747231
2023-03-25T16:00:00Z,2023-03-25 16:00:00+00:00,2023,2023-03,-1,0.18829388552754861,0.0178033056305541,27189.689999999999,0.49454588328193511,0.06945489427442833,0.69721161358361694,0.06945489427442833,0.94296368257631247,0.06945489427442833,0.94296368257631247,0.06945489427442833,0.49454588328193511,345,1,10,1,20,1,85,0,720,0,7.3891141060035874
2023-03-28T16:00:00Z,2023-03-28 16:00:00+00:00,2023,2023-03,1,1.0545491202609869,0.0191268890889096,27425.98,0.35006216659671341,0.12722470740893391,0.633515038794631,0.12722470740893391,0.633515038794631,0.12722470740893391,0.633515038794631,1.389189328146345,0.35006216659671341,115,1,5,1,20,1,110,0,720,3,2.0042935822881427
2023-04-20T16:00:00Z,2023-04-20 16:00:00+00:00,2023,2023-04,-1,0.92247322567190837,0.017577207298312102,28104.380000000001,0.43820989173577268,0.18731339000056776,0.52614626116725205,0.18731339000056776,0.54323201172335855,0.18731339000056776,0.54323201172335855,0.58700997062475269,0.43820989173577268,290,1,5,1,30,1,130,0,720,2,2.9248822754115777
2023-05-01T16:00:00Z,2023-05-01 16:00:00+00:00,2023,2023-05,-1,0.60810638699346065,0.013244639850736,27843.349999999999,0.32775332442548283,0.47986194555538092,0.85182337728724944,0.47986194555538092,0.85182337728724944,0.47986194555538092,0.86600590009852718,0.47986194555538092,0.32775332442548283,680,1,5,1,10,1,95,0,720,2,4.9095741462816704
2023-05-08T16:00:00Z,2023-05-08 16:00:00+00:00,2023,2023-05,-1,-0.3205659845160872,0.021683446462945601,27340.720000000001,0.35314086422447083,0.13297585536287052,0.53690609822118229,0.13297585536287052,0.68415738991933539,0.13297585536287052,0.68415738991933539,0.13297585536287052,0.35314086422447083,310,1,5,1,20,1,110,0,720,2,4.8537342279270437
2023-06-02T16:00:00Z,2023-06-02 16:00:00+00:00,2023,2023-06,1,1.9268250163364968,0.0070506893713808,27239.029999999999,0.34506217670472572,0.18248749978535492,0.49896590255502565,0.31710813280921518,0.7676398167035523,0.31710813280921518,0.7676398167035523,0.31710813280921518,0.34506217670472572,340,1,20,1,35,1,305,0,720,12,3.6602958714450677
2023-07-04T16:00:00Z,2023-07-04 16:00:00+00:00,2023,2023-07,-1,1.4151668467776539,0.0111837984020838,30696.84,0.32462885292706384,0.082588085310138393,0.36629597482388609,0.082588085310138393,0.42684697390743553,0.082588085310138393,0.52634224013124431,0.082588085310138393,0.32462885292706384,475,1,15,1,40,1,475,0,720,0,3.9137644070014863
2023-07-13T16:00:00Z,2023-07-13 16:00:00+00:00,2023,2023-07,1,1.0168356449477891,0.028276636785599801,31606,0.36386150316061155,0.095494665472891482,0.6846560872340024,0.095494665472891482,0.6846560872340024,0.095494665472891482,0.6846560872340024,0.095494665472891482,0.36386150316061155,70,1,35,1,60,1,70,0,720,1,3.0871875171761625
2023-08-01T16:00:00Z,2023-08-01 16:00:00+00:00,2023,2023-08,1,0.78222468601334416,0.0130729786459711,29274.419999999998,0.24711690839382747,0.086388789678304406,0.24711690839382747,0.099437861911307365,0.24711690839382747,1.9938352528181762,0.24711690839382747,1.9938352528181762,0.24711690839382747,45,1,15,0,720,0,720,0,720,2,0.38634086684123192
2023-08-06T16:00:00Z,2023-08-06 16:00:00+00:00,2023,2023-08,1,0.86365689946186075,0.0030965764892986001,29088,0.12558893458777867,0.90908972999380211,0.55413585202097904,1.2973330936400247,0.77529994972905081,1.2973330936400247,0.77529994972905081,1.5684614018905843,0.12558893458777867,280,1,30,1,115,1,115,0,720,18,0.50372476243409336
2023-08-07T16:00:00Z,2023-08-07 16:00:00+00:00,2023,2023-08,1,0.72879894604024165,0.0113119987155119,29154.91,0.10251535755378491,0.13358597628770943,0.10251535755378491,0.36875646406037088,0.10251535755378491,0.36875646406037088,0.10251535755378491,0.53304655159390946,0.10251535755378491,25,1,25,0,720,0,720,0,720,6,0.023800002001589333
2023-08-08T16:00:00Z,2023-08-08 16:00:00+00:00,2023,2023-08,1,0.17052113250895021,0.013940119217018401,29884.23,0.10192317984540072,0.27497119669220216,0.47800501957714425,0.85845041922563436,0.47800501957714425,0.85845041922563436,0.65404479433197982,0.85845041922563436,0.10192317984540072,395,1,5,1,130,1,395,0,720,2,2.8586192736129936
2023-08-09T16:00:00Z,2023-08-09 16:00:00+00:00,2023,2023-08,-1,-0.35563773373926272,0.0123314045227957,29416.209999999999,0.26861550491780756,0.1090760611086741,0.51035071748192473,0.1090760611086741,0.66946767284316622,0.1090760611086741,0.66946767284316622,0.1090760611086741,0.26861550491780756,350,1,5,1,50,1,180,0,720,1,4.8263338382087193
2023-08-12T16:00:00Z,2023-08-12 16:00:00+00:00,2023,2023-08,-1,1.1757795890063931,0.00092539750180850003,29416.169999999998,0.39299801233823523,0.00036735471994136121,0.5475870301126996,0.59417580484147492,1.3429485095806628,0.59417580484147492,1.4332017486307747,1.9549920803898158,0.39299801233823523,370,1,5,1,10,1,145,1,290,5,4.5991820046378766
2023-08-22T16:00:00Z,2023-08-22 16:00:00+00:00,2023,2023-08,-1,1.1860546494549438,0.0081420579137407006,25780,0.42807178134471507,4.7641232017162874e-05,0.58829187191601651,2.3083355555416314,1.9284941693852979,2.3083355555416314,1.9284941693852979,2.3083355555416314,0.42807178134471507,260,1,5,1,5,1,80,1,195,2,11.428198046514954
2023-09-05T16:00:00Z,2023-09-05 16:00:00+00:00,2023,2023-09,-1,-1.2341418950832534,0.0029329399194359001,25683.93,0.71702613532068982,0.11856658876163442,1.162898054837826,0.11856658876163442,1.917749452671105,0.11856658876163442,2.4679010347703985,0.11856658876163442,0.71702613532068982,425,1,5,1,15,1,15,1,95,3,14.016582875386105
2023-09-22T16:00:00Z,2023-09-22 16:00:00+00:00,2023,2023-09,-1,-0.14499815107816161,0.0037620887221466001,26540.099999999999,0.25617067226827961,0.29160811228106759,0.45781019400805006,0.52231531328950587,0.74889737645759225,0.52231531328950587,0.74889737645759225,0.52231531328950587,0.25617067226827961,255,1,5,1,20,1,220,0,720,7,2.8375411857977628
2023-11-07T16:00:00Z,2023-11-07 16:00:00+00:00,2023,2023-11,1,0.083827507687905201,0.024423935067003001,35453.980000000003,0.12078880589988836,0.49817772051400461,0.29415084969483052,0.49817772051400461,0.29415084969483052,0.49817772051400461,0.33185459031477743,0.49817772051400461,0.12078880589988836,620,1,15,1,145,0,720,0,720,3,1.6270651961755322
2023-12-05T16:00:00Z,2023-12-05 16:00:00+00:00,2023,2023-12,1,-0.21632110234502691,0.0424226229152493,43814.370000000003,0.22617190035521886,0.016715252167796044,0.22617190035521886,0.35965819814480993,0.22617190035521886,0.35965819814480993,0.22617190035521886,0.35965819814480993,0.22617190035521886,25,1,10,0,720,0,720,0,720,14,0.45369124688436135
2024-01-07T16:00:00Z,2024-01-07 16:00:00+00:00,2024,2024-01,1,1.3844672544443479,0.0048683089375641002,44244.769999999997,0.5800737030503087,0.11672785736444759,2.1779215123076066,0.11672785736444759,3.1469581758354934,0.11672785736444759,5.0275257095355324,0.44997686325372488,0.5800737030503087,415,1,5,1,20,1,40,1,140,2,24.698348368206908
2024-01-08T16:00:00Z,2024-01-08 16:00:00+00:00,2024,2024-01,1,0.0116250445081943,0.049590459091950201,46979.360000000001,0.11598590954550744,0.070182072340194926,0.140210787092581,0.097543353521487158,0.32424419160561585,0.097543353521487158,0.32424419160561585,0.097543353521487158,0.11598590954550744,280,1,50,1,280,0,720,0,720,11,0.874892785210311
2024-01-10T16:00:00Z,2024-01-10 16:00:00+00:00,2024,2024-01,1,1.3877948212731674,0.024284261570791901,46489.190000000002,1.5241012340496172,0.013930874441555805,1.5241012340496172,0.40526938408244562,1.5241012340496172,1.0552619350872572,1.5241012340496172,1.0552619350872572,1.5241012340496172,15,1,5,1,10,1,15,1,15,14,2.7220238803331549
2024-01-18T16:00:00Z,2024-01-18 16:00:00+00:00,2024,2024-01,-1,1.1231086909404353,0.042841828776122901,41022.330000000002,0.16638974117922956,0.1937208470443989,0.19529201803033372,0.1937208470443989,0.19754894274599136,0.1937208470443989,0.31293073843549496,0.1937208470443989,0.16638974117922956,665,1,50,1,650,0,720,0,720,6,1.2733469814105818
2024-01-26T16:00:00Z,2024-01-26 16:00:00+00:00,2024,2024-01,1,0.80052176369521433,0.018437250105805301,42064.480000000003,0.2917367492419855,0.2346014491394163,0.3153225945398011,0.2346014491394163,0.46160474741031599,0.2346014491394163,0.59961196134288486,0.2346014491394163,0.2917367492419855,695,1,25,1,55,1,665,0,720,1,3.4130597198448376
2024-01-28T16:00:00Z,2024-01-28 16:00:00+00:00,2024,2024-01,-1,0.4070100729888137,0.0127874049705581,41785.910000000003,0.34330025019625932,0.19523413732297434,0.4517618291996443,0.30959516822257066,0.99008763530012078,0.30959516822257066,1.3324820650913838,0.30959516822257066,0.34330025019625932,455,1,10,1,40,1,225,1,395,8,6.7829892370389357
2024-02-07T16:00:00Z,2024-02-07 16:00:00+00:00,2024,2024-02,1,0.48921766610732542,0.0147251346650333,43615.470000000001,0,0.99790486488652008,0,1.2053359082742112,0,1.6656652551003708,0,1.7894374369915074,0,5,0,720,0,720,0,720,0,720,0,0
2024-02-17T16:00:00Z,2024-02-17 16:00:00+00:00,2024,2024-02,1,-1.1870305003159165,0.0089709956141020009,51394.440000000002,0.19850253879750154,0.36069255218718255,0.19850253879750154,1.3704097029662106,0.19850253879750154,1.3704097029662106,0.50249808988910694,1.3704097029662106,0.19850253879750154,415,1,15,1,410,1,415,0,720,5,0.20419097222623633
2024-02-25T16:00:00Z,2024-02-25 16:00:00+00:00,2024,2024-02,1,0.45741774864003892,0.0041608432912810002,51672.970000000001,0.00283718473751586,1.3246027633923751,0.14930000472558128,1.3246027633923751,0.93109004475915136,1.3246027633923751,1.7963917443658763,1.3246027633923751,0.00283718473751586,720,1,85,1,315,1,315,1,375,5,5.7003284108912338
2024-02-26T16:00:00Z,2024-02-26 16:00:00+00:00,2024,2024-02,1,-2.9488701111086271,0.0311088429882386,54487.099999999999,0.13532625864263198,0.24853077594133499,0.13532625864263198,0.24853077594133499,0.13532625864263198,0.76279285058771085,0.13532625864263198,1.4909552144922076,0.13532625864263198,30,1,25,0,720,0,720,0,720,12,0.045983969612772319
2024-02-27T16:00:00Z,2024-02-27 16:00:00+00:00,2024,2024-02,1,-0.28321479169791131,0.0147376397038645,57339.690000000002,0.78336823714455583,0.022846826351257548,0.90518674262033305,0.022846826351257548,0.90518674262033305,0.022846826351257548,0.90518674262033305,1.2195267445354379,0.78336823714455583,115,1,5,1,5,1,40,0,720,1,4.911946704649254
2024-03-02T16:00:00Z,2024-03-02 16:00:00+00:00,2024,2024-03,1,-4.8263063219942124,0.0055465664241065001,62114.760000000002,1.0266790751095023,0.2472444721858843,1.2517095602797186,0.2472444721858843,1.2517095602797186,0.2472444721858843,2.3217224619504364,0.2472444721858843,1.0266790751095023,695,1,10,1,10,1,10,1,20,0,8.3783041925047677
2024-03-04T16:00:00Z,2024-03-04 16:00:00+00:00,2024,2024-03,1,-3.957586686746664,0.016023136034617101,67405.25,0.3181579222624541,0.33680741875639297,0.60424332336333864,0.48317011917995939,0.60424332336333864,1.175433631006964,2.1823033806278369,1.175433631006964,0.3181579222624541,545,1,5,1,5,1,85,1,545,10,1.7598754713770557
2024-03-13T16:00:00Z,2024-03-13 16:00:00+00:00,2024,2024-03,1,-2.3298726425296885,0.0103985662229347,73349.240000000005,0.55880540053627847,0.079916760975477383,0.73846488650779829,0.079916760975477383,1.119921837634811,0.079916760975477383,1.119921837634811,0.55920081071948902,0.55880540053627847,340,1,5,1,5,1,35,1,340,10,4.2105112970517151
2024-03-20T16:00:00Z,2024-03-20 16:00:00+00:00,2024,2024-03,1,-1.5404824743373078,0.037035454087209402,65784.470000000001,0.052613294704478605,0.81206382592623039,0.052613294704478605,0.93406228627588783,0.052613294704478605,0.98970025565042052,0.052613294704478605,0.98970025565042052,0.052613294704478605,5,0,720,0,720,0,720,0,720,0,0
2024-03-25T16:00:00Z,2024-03-25 16:00:00+00:00,2024,2024-03,1,-1.6457520740010554,0.017159770607863601,70960.889999999999,0.22714507882102197,0.15509789709146937,1.1602221041769505,0.15509789709146937,1.1602221041769505,0.15509789709146937,1.1602221041769505,0.49084281083267983,0.22714507882102197,90,1,5,1,70,1,80,1,90,2,5.7535273231472921
2024-03-26T16:00:00Z,2024-03-26 16:00:00+00:00,2024,2024-03,-1,-2.3756850267935934,0.0120005449855964,69477.660000000003,0.47162313884183082,0.091130109781063104,0.956789986070816,0.091130109781063104,1.5000130445431763,0.091130109781063104,1.5000130445431763,0.091130109781063104,0.47162313884183082,315,1,5,1,10,1,65,1,280,0,10.231767054730101
2024-04-01T16:00:00Z,2024-04-01 16:00:00+00:00,2024,2024-04,1,0.1212023823714235,0.022877509512336101,69648.009999999995,0.20151527527330568,0.086103370027706766,0.20151527527330568,0.15786337445275755,0.38326206832835891,0.15786337445275755,2.3516277562309278,0.15786337445275755,0.20151527527330568,400,1,15,1,275,1,390,1,400,8,10.70046390880403
2024-04-30T16:00:00Z,2024-04-30 16:00:00+00:00,2024,2024-04,-1,0.43572145501937942,0.026758338488989401,59292.949999999997,0.55337709713137317,0.011472969748281343,1.1040282363452485,0.011472969748281343,1.1040282363452485,0.011472969748281343,1.1040282363452485,1.4083944440131806,0.55337709713137317,160,1,5,1,5,1,50,1,155,1,6.1353741202512087
2024-05-05T16:00:00Z,2024-05-05 16:00:00+00:00,2024,2024-05,-1,-0.2888517357991553,0.0096326639637380005,63879.940000000002,1.6251335494144236e-05,0.48519438289896599,0.01832988957455146,0.48519438289896599,0.94647304337263261,0.48519438289896599,1.1443616195494188,0.48519438289896599,1.6251335494144236e-05,720,1,185,1,205,1,210,1,705,7,3.6897975105430501
2024-05-19T16:00:00Z,2024-05-19 16:00:00+00:00,2024,2024-05,-1,0.77812044250598,0.015558164300515201,66034.009999999995,0.25838426567899986,0.013647971176408001,0.41621166756397165,0.033112538043611257,0.53855629891075885,0.033112538043611257,1.2167719933831938,0.033112538043611257,0.25838426567899986,555,1,5,1,20,1,305,1,525,0,6.0165032495749839
2024-05-24T16:00:00Z,2024-05-24 16:00:00+00:00,2024,2024-05,1,1.9281627257092959,0.0134260450220505,69115.979999999996,0.30129148824006335,0.10555537505260318,0.47740146461615635,0.10555537505260318,0.66677996382056026,0.10555537505260318,0.66677996382056026,0.10555537505260318,0.30129148824006335,245,1,20,1,60,1,215,0,720,2,4.7985298539750438
2024-05-27T16:00:00Z,2024-05-27 16:00:00+00:00,2024,2024-05,-1,0.5117481439512146,0.0187157403657995,69260.020000000004,0.35690682557687836,0.064076853320125096,0.48219850793868163,0.064076853320125096,0.48219850793868163,0.57719204342231634,0.48219850793868163,1.3858937287084372,0.35690682557687836,120,1,5,1,25,0,720,0,720,3,1.1437825713107956
2024-06-06T16:00:00Z,2024-06-06 16:00:00+00:00,2024,2024-06,-1,-1.8094011028958821,0.0119930890755598,70479.490000000005,0.31056527217036062,0.42919239372230583,0.52042071087141684,0.42919239372230583,0.56523800618109021,0.42919239372230583,1.1403132977044477,0.42919239372230583,0.31056527217036062,590,1,20,1,40,1,180,1,565,1,6.3905460777200354
2024-06-10T16:00:00Z,2024-06-10 16:00:00+00:00,2024,2024-06,-1,0.23914321843972161,0.0097425758384308003,69490.809999999998,0.3092735690350138,0.23119888907301528,0.3092735690350138,0.23119888907301528,0.3092735690350138,1.4740217147610915,0.3092735690350138,3.2499490318743605,0.3092735690350138,50,1,30,1,50,0,720,0,720,14,0.36870199835554074
2024-06-12T16:00:00Z,2024-06-12 16:00:00+00:00,2024,2024-06,-1,0.58609548379739673,0.036270985224456501,67532.919999999998,0.316238002384918,0.048792161193170334,0.45931918853290488,0.048792161193170334,0.45931918853290488,0.048792161193170334,0.45931918853290488,0.23078290707731541,0.316238002384918,100,1,15,1,45,0,720,0,720,13,1.9292754204996385
2024-06-21T16:00:00Z,2024-06-21 16:00:00+00:00,2024,2024-06,1,0.054937199255714303,0.0083272764910062008,64232.010000000002,0.24726412215627336,0.42575309109718545,0.75754767938302303,0.42575309109718545,0.75754767938302303,0.42575309109718545,0.75754767938302303,0.57492153194544526,0.24726412215627336,85,1,35,1,75,1,85,0,720,2,1.1883449498228185
2024-07-03T16:00:00Z,2024-07-03 16:00:00+00:00,2024,2024-07,-1,-0.087764998242792103,0.0086815769848252004,59671.110000000001,0.38540627381899034,0.17270317324754364,1.3442621209721823,0.52453112067658503,1.5855948273294493,2.393453735441359,1.5855948273294493,3.6697290182048143,0.38540627381899034,310,1,5,1,10,1,95,1,120,3,5.0367851714438654
2024-07-23T16:00:00Z,2024-07-23 16:00:00+00:00,2024,2024-07,-1,0.1480788810414175,0.0173142628042229,65536,0.40573370978327811,0.055953400511901889,0.4512042862705915,0.055953400511901889,0.5351057338824956,0.055953400511901889,0.5351057338824956,0.055953400511901889,0.40573370978327811,255,1,5,1,10,1,255,0,720,2,3.4922213660207162
2024-07-24T16:00:00Z,2024-07-24 16:00:00+00:00,2024,2024-07,-1,0.89518883334226773,0.0093690367691335007,65652.009999999995,0.67200239328548639,0.0065195056478766066,0.67200239328548639,0.85205606791421507,0.67200239328548639,2.3529428993518233,0.67200239328548639,3.054212246395537,0.67200239328548639,60,1,5,1,5,1,35,0,720,5,0.52244657683463103
2024-07-31T16:00:00Z,2024-07-31 16:00:00+00:00,2024,2024-07,-1,1.0376464285835614,0.021667987853426902,65256.830000000002,0.11666419126308074,0.50720978343844103,0.11666419126308074,0.51691385385420674,0.11666419126308074,0.82619355311248932,0.11666419126308074,1.1984891657033094,0.11666419126308074,10,1,5,0,720,0,720,0,720,1,0.0048747821395841492
2024-08-07T16:00:00Z,2024-08-07 16:00:00+00:00,2024,2024-08,-1,0.049956487868538103,0.025606510890776101,54760.970000000001,0.38073372464237154,0.084206291640956624,0.57009362713065814,0.14457236983845709,1.8253872301051881,0.14457236983845709,1.9985504797077374,0.14457236983845709,0.38073372464237154,390,1,5,1,25,1,105,1,345,2,12.164294455961661
2024-08-11T16:00:00Z,2024-08-11 16:00:00+00:00,2024,2024-08,-1,0.48562681873474872,0.0097722961033065003,59621.110000000001,0.091388611338087414,2.3162677515276924,0.091388611338087414,2.3162677515276924,0.091388611338087414,2.6445176402045552,0.091388611338087414,3.4541108668181617,0.091388611338087414,5,0,720,0,720,0,720,0,720,0,0
2024-08-15T16:00:00Z,2024-08-15 16:00:00+00:00,2024,2024-08,-1,-0.92954449289662555,0.0516231270721609,57046.339999999997,0.029411492867893751,0.33145438525844689,0.28270979473668517,0.33145438525844689,0.28270979473668517,0.33145438525844689,0.54257750975680175,0.33145438525844689,0.029411492867893751,655,1,100,1,160,1,650,0,720,5,2.9067051043990402
2024-08-16T16:00:00Z,2024-08-16 16:00:00+00:00,2024,2024-08,1,-0.52587101134508396,0.0296351737814083,59683.389999999999,0.28312156449654524,0.018256775276241928,0.41721132931966592,0.018256775276241928,0.55832505274366029,0.018256775276241928,0.55832505274366029,0.018256775276241928,0.28312156449654524,195,1,20,1,45,1,195,0,720,0,3.6808508297722291
2024-08-21T16:00:00Z,2024-08-21 16:00:00+00:00,2024,2024-08,1,-1.6196024235162012,0.0348962655770549,61570,0.31254316956495787,0.11655233806900062,0.31254316956495787,0.11655233806900062,0.39610892528303621,0.11655233806900062,0.87190482572918004,0.11655233806900062,0.31254316956495787,415,1,30,1,50,1,405,0,720,1,3.7519203011634703
2024-08-23T16:00:00Z,2024-08-23 16:00:00+00:00,2024,2024-08,1,-1.7594133251408874,0.036479029905638803,63628.839999999997,0.062394358856621347,0.081464505673936094,0.062394358856621347,0.56547270629174573,0.062394358856621347,0.56547270629174573,0.062394358856621347,0.56547270629174573,0.062394358856621347,40,0,720,0,720,0,720,0,720,4,0.0064991720148400225
2024-08-29T16:00:00Z,2024-08-29 16:00:00+00:00,2024,2024-08,-1,1.268160584731117,0.031164726059477701,59257.989999999998,0.14641442759219933,0.012992955246805722,0.20531339233042573,0.29642240257396579,0.20531339233042573,0.29642240257396579,0.20531339233042573,0.31177767048321736,0.14641442759219933,70,1,5,0,720,0,720,0,720,16,0.37369459507020053
2024-09-10T16:00:00Z,2024-09-10 16:00:00+00:00,2024,2024-09,1,-0.88807442861614005,0.025269234467348502,57952.010000000002,0.27890264314144914,0.01637188751194639,0.34223561525889623,0.01637188751194639,0.87737327764966544,0.01637188751194639,1.2853354054276591,0.01637188751194639,0.27890264314144914,570,1,5,1,60,1,335,1,500,0,7.1340273064445663
2024-09-22T16:00:00Z,2024-09-22 16:00:00+00:00,2024,2024-09,1,0.1467825264454567,0.0091734448440064006,63160,0.092307766332281299,0.2688972943122564,1.3931887444133484,1.44023256223781,1.3931887444133484,1.44023256223781,1.3931887444133484,2.7033333982867482,0.092307766332281299,130,1,100,1,120,1,120,1,125,7,0.60454780373725003
2024-09-26T16:00:00Z,2024-09-26 16:00:00+00:00,2024,2024-09,-1,-1.1072102812047091,0.0082475922652471001,64711.07,0.29713770791242833,0.12040590339614438,0.99444825158084627,0.14539062338732772,1.1906262724482242,0.14539062338732772,1.561780159784091,0.14539062338732772,0.29713770791242833,690,1,5,1,5,1,85,1,295,6,9.4613551944393883
2024-10-02T16:00:00Z,2024-10-02 16:00:00+00:00,2024,2024-10,-1,-0.14812670476824641,0.030755658538751101,60190.010000000002,0.43422947235079384,0.033514758523769769,0.43422947235079384,0.033514758523769769,0.53243545756783162,0.033514758523769769,0.68799762418814348,0.033514758523769769,0.43422947235079384,485,1,10,1,35,1,305,0,720,0,5.2423157457322311
2024-10-05T16:00:00Z,2024-10-05 16:00:00+00:00,2024,2024-10,-1,0.64433220551369974,0.0060933897674964,61848.480000000003,2.6534565142891727e-05,0.39445893513921293,0.63958839308617588,0.39445893513921293,0.79812636182330554,0.39445893513921293,0.79812636182330554,0.39445893513921293,2.6534565142891727e-05,330,1,85,1,125,1,140,0,720,5,3.3013900744918003
2024-10-09T16:00:00Z,2024-10-09 16:00:00+00:00,2024,2024-10,-1,0.4933465612382375,0.024052933410769702,61031.989999999998,0.061630114541869271,0.50095617819690441,0.061630114541869271,0.50095617819690441,0.061630114541869271,0.50095617819690441,0.080025200285548506,0.50095617819690441,0.061630114541869271,660,0,720,0,720,0,720,0,720,6,0.044873732429019278
2024-10-23T16:00:00Z,2024-10-23 16:00:00+00:00,2024,2024-10,1,2.863594574484285,0.0052733233229010001,66472,0.37983590945642443,0.5924634862317335,0.37983590945642443,0.60196199873991008,0.37983590945642443,3.2249967459211719,0.37983590945642443,3.2249967459211719,0.37983590945642443,10,1,5,1,5,0,720,0,720,7,0.21074825029971284
2024-10-24T16:00:00Z,2024-10-24 16:00:00+00:00,2024,2024-10,1,0.1416506498227427,0.0091422590879529,68309.789999999994,0.53251418810446793,0.050988441141302417,0.53251418810446793,0.86161752585605056,0.74677992170023799,0.86161752585605056,1.7103076915882505,0.86161752585605056,0.53251418810446793,695,1,5,1,5,1,45,1,545,2,6.1701947497589771
2024-10-26T16:00:00Z,2024-10-26 16:00:00+00:00,2024,2024-10,1,-0.2508933930282698,0.0044056716713259001,67178,0.11490783542688611,0.93248546080057337,0.25202843187340013,0.93248546080057337,0.89467293611666265,0.93248546080057337,0.89467293611666265,0.93248546080057337,0.11490783542688611,325,1,5,1,115,1,260,0,720,17,2.003490577950112
2024-11-03T16:00:00Z,2024-11-03 16:00:00+00:00,2024,2024-11,1,1.0361287274037472,0.0088155160691084002,68679,0.29620389891482474,0.49567745726032691,0.29620389891482474,1.1159892707665817,0.72640483113604259,1.1159892707665817,0.72640483113604259,1.3479956061418397,0.29620389891482474,280,1,5,1,20,1,280,0,720,8,0.31249256049362034
2024-11-26T16:00:00Z,2024-11-26 16:00:00+00:00,2024,2024-11,-1,-2.2913000264347603,0.0136565525742395,91683.899999999994,0.2838544952992938,0.71654453738737234,0.54116886171150924,0.71654453738737234,0.89699337720931038,0.71654453738737234,1.5520960436363549,0.71654453738737234,0.2838544952992938,715,1,5,1,15,1,135,1,390,7,7.2267294432881233
2024-12-11T16:00:00Z,2024-12-11 16:00:00+00:00,2024,2024-12,1,0.32329819268984072,0.0077356192232887,101122.71000000001,0.12528971847634743,0.7037533620144224,0.32804906722731536,0.97463960971022157,1.0152942900865694,0.97463960971022157,1.0152942900865694,0.97463960971022157,0.12528971847634743,360,1,15,1,70,1,290,1,355,9,3.5721438981255376
2024-12-13T16:00:00Z,2024-12-13 16:00:00+00:00,2024,2024-12,1,0.36770921744745022,0.0200444420664759,101462.34,0.11537328279680274,0.20493255135123131,0.18297256927879674,0.20493255135123131,0.18297256927879674,0.580582301946309,0.18297256927879674,0.580582301946309,0.11537328279680274,145,1,10,0,720,0,720,0,720,5,0.3100600124108982
2024-12-19T16:00:00Z,2024-12-19 16:00:00+00:00,2024,2024-12,-1,1.9964381782664573,0.044983092362281901,97199.720000000001,0.025664769372636495,0.34567504207286831,0.29541582573317149,0.34567504207286831,0.29541582573317149,0.34567504207286831,0.29541582573317149,0.34567504207286831,0.025664769372636495,180,1,85,1,180,0,720,0,720,19,0.70211849264996551
2024-12-29T16:00:00Z,2024-12-29 16:00:00+00:00,2024,2024-12,-1,0.084523805822873402,0.0121739663853775,93612.889999999999,0.23404724602678956,0.23540240683214228,0.2948528815593372,0.46189774655640364,0.57831803187592701,0.53115262246945016,0.57831803187592701,0.53115262246945016,0.23404724602678956,340,1,50,1,65,1,340,0,720,17,1.0143295641891907
2025-01-07T16:00:00Z,2025-01-07 16:00:00+00:00,2025,2025-01,-1,0.59048918890253965,0.016766134126688401,96451.990000000005,0.25825093722996739,0.16730851704011049,0.47350792122771768,0.16730851704011049,0.50288076169417117,0.16730851704011049,0.50288076169417117,0.74748171037160527,0.25825093722996739,300,1,10,1,60,1,300,0,720,15,2.0324645525746443
2025-01-09T16:00:00Z,2025-01-09 16:00:00+00:00,2025,2025-01,-1,-2.3910735591273582,0.0251862378637683,91909.589999999997,0.19896438718277965,0.30612904624439757,0.34884323079287655,0.30612904624439757,0.53616787980518088,0.30612904624439757,1.313078805377939,0.30612904624439757,0.19896438718277965,710,1,5,1,85,1,345,1,660,6,6.0496886618788777
2025-01-12T16:00:00Z,2025-01-12 16:00:00+00:00,2025,2025-01,-1,1.0159151096448529,0.0052028470160318,94650.259999999995,0.30383069924079048,0.077708743972229322,0.30383069924079048,1.7343905315816288,2.601339500885075,1.7343905315816288,2.601339500885075,2.8008091748166866,0.30383069924079048,275,1,5,1,10,1,270,1,270,5,1.9361666454443154
2025-01-19T16:00:00Z,2025-01-19 16:00:00+00:00,2025,2025-01,1,-1.7409059151925477,0.0119771008948954,106200,0.56323029907897026,0.17468786243027343,4.1051166522644307,0.17468786243027343,5.3989758343935152,0.17468786243027343,5.3989758343935152,2.6219843129151745,0.56323029907897026,285,1,5,1,20,1,20,1,90,6,32.328920184938013
2025-01-21T16:00:00Z,2025-01-21 16:00:00+00:00,2025,2025-01,1,-0.2025006648911615,0.0312341945218035,107031.34,0.33289051734338337,0.050408425927490466,0.37893900703335837,0.050408425927490466,0.48566379179421437,0.050408425927490466,0.60009619065156128,0.050408425927490466,0.33289051734338337,705,1,20,1,40,1,525,0,720,2,4.0837291883704054
2025-01-29T16:00:00Z,2025-01-29 16:00:00+00:00,2025,2025-01,1,0.98738527017781241,0.019596919554228601,103584,0.35394668967702825,0.58711336123886315,0.35394668967702825,0.58711336123886315,0.35394668967702825,0.58711336123886315,0.35394668967702825,0.98157338747046075,0.35394668967702825,5,1,5,1,5,0,720,0,720,9,0.06024051304560725
2025-01-31T16:00:00Z,2025-01-31 16:00:00+00:00,2025,2025-01,-1,-0.2118101058731735,0.032201580291052502,102312.31,0.0027649925610613657,0.21597300609318087,0.05174738669531781,0.22918879045239807,0.14171386669768482,0.22918879045239807,0.1427532224773912,0.22918879045239807,0.0027649925610613657,380,1,320,0,720,0,720,0,720,12,0.35374830820404557
2025-02-03T16:00:00Z,2025-02-03 16:00:00+00:00,2025,2025-02,1,-1.4324845848617871,0.0302730344727812,101879.99000000001,0.29310158959346999,0.023281339483016094,0.31338933221160131,0.20042074699611695,0.37061222935371929,0.20042074699611695,1.2052216548806245,0.20042074699611695,0.29310158959346999,580,1,10,1,10,1,495,1,560,4,4.7429719082958197
2025-02-06T16:00:00Z,2025-02-06 16:00:00+00:00,2025,2025-02,-1,0.3737579344209237,0.017164841068200501,95982.990000000005,0.6701747744121983,0.1111751215102789,0.6701747744121983,0.1111751215102789,1.0958940296727009,0.1111751215102789,1.1420510965716852,0.1111751215102789,0.6701747744121983,520,1,10,1,25,1,45,1,355,0,7.0192527435844214
2025-02-08T16:00:00Z,2025-02-08 16:00:00+00:00,2025,2025-02,1,1.1259512305506585,0.0094111749318550007,96579.990000000005,0.24396166478209694,0.064781633910603584,0.24396166478209694,0.1451373505748618,0.24396166478209694,0.45273185784890191,0.24396166478209694,0.81442449930750582,0.24396166478209694,50,1,5,0,720,0,720,0,720,9,0.55070590020262133
2025-02-11T16:00:00Z,2025-02-11 16:00:00+00:00,2025,2025-02,-1,-0.70191232614341525,0.022208553290155801,95040.809999999998,0.1883846559423179,0.053255052904926811,0.69199588992323258,0.053255052904926811,0.69199588992323258,0.053255052904926811,0.69199588992323258,0.053255052904926811,0.1883846559423179,125,1,10,1,80,1,100,0,720,0,4.2228920369745246
2025-02-21T16:00:00Z,2025-02-21 16:00:00+00:00,2025,2025-02,-1,-0.78590577547703655,0.0295534558908956,95285.110000000001,0.13707616570813372,0.14703753735909292,0.22844903096013389,0.14703753735909292,0.41156295191848469,0.14703753735909292,0.45638208193668922,0.14703753735909292,0.13707616570813372,605,1,5,1,210,0,720,0,720,10,3.3252493414523396
2025-03-02T16:00:00Z,2025-03-02 16:00:00+00:00,2025,2025-03,1,-0.0669749534412305,0.083061408492438801,93522.009999999995,0.0025762050675195596,0.11839784431679083,0.0025762050675195596,0.15832346052867971,0.11283687936567402,0.17400522413002756,0.30519910604976491,0.17400522413002756,0.0025762050675195596,665,1,320,1,655,0,720,0,720,3,0.71308932296663963
2025-03-03T16:00:00Z,2025-03-03 16:00:00+00:00,2025,2025-03,-1,-1.8407661126465449,0.051037889381476902,85606.009999999995,0.18360994556893498,0.093145304692282146,0.32514273560423246,0.11221894329043035,0.32514273560423246,0.69053392926059542,0.32514273560423246,0.73246505165708908,0.18360994556893498,180,1,5,1,175,0,720,0,720,7,0.69194993664386872
2025-03-04T16:00:00Z,2025-03-04 16:00:00+00:00,2025,2025-03,1,-1.3621263771750196,0.064205340917720302,88206.190000000002,0.26952824882874343,0.11152023575470071,0.28941644875776446,0.13385517816477527,0.33404554372354595,0.13385517816477527,0.33404554372354595,0.13385517816477527,0.26952824882874343,285,1,55,1,60,0,720,0,720,4,1.7725444966273871
2025-03-06T16:00:00Z,2025-03-06 16:00:00+00:00,2025,2025-03,-1,0.98179394313830237,0.033415683702697402,88526.229999999996,0.28403758917632854,0.021984538721907417,0.75274005026616453,0.021984538721907417,0.91770972011068563,1.3338833045681542,0.91770972011068563,1.3338833045681542,0.28403758917632854,255,1,5,1,20,1,125,0,720,5,1.7555142091630829
2025-04-06T16:00:00Z,2025-04-06 16:00:00+00:00,2025,2025-04,-1,-0.27385991467506332,0.047804809490685302,79614.339999999997,0.072345521374743621,0.28435022593049736,0.072345521374743621,0.48222755074578116,0.072345521374743621,0.656691378647414,0.072345521374743621,1.3866329750998747,0.072345521374743621,5,0,720,0,720,0,720,0,720,3,0.0023028155445694795
2025-04-09T16:00:00Z,2025-04-09 16:00:00+00:00,2025,2025-04,1,0.54233856127217472,0.071569648323904805,82332.080000000002,0.058534194855206917,0.15786485942189293,0.058534194855206917,0.21153022685537504,0.058534194855206917,0.21153022685537504,0.17746400178494404,0.21153022685537504,0.058534194855206917,700,1,435,0,720,0,720,0,720,8,0.37465908730322806
2025-04-11T16:00:00Z,2025-04-11 16:00:00+00:00,2025,2025-04,1,0.52504856382152942,0.020370648955650501,83858.279999999999,0.082786113362259203,0.099913031142016953,0.31826687129157716,0.25790213465487899,0.41959052644623246,0.25790213465487899,0.6276343157763411,0.25790213465487899,0.082786113362259203,425,1,100,1,140,1,410,0,720,7,3.1454192171368214
2025-04-15T16:00:00Z,2025-04-15 16:00:00+00:00,2025,2025-04,-1,-0.57836330058985341,0.0118095894685871,83998.509999999995,0.20825430366902736,0.20034005223250492,0.23891956798017625,0.31359790779729702,0.23891956798017625,0.89878622492453109,0.23891956798017625,0.89878622492453109,0.20825430366902736,100,1,15,0,720,0,720,0,720,10,0.14004431769596784
2025-04-27T16:00:00Z,2025-04-27 16:00:00+00:00,2025,2025-04,1,-1.1100642595819843,0.0056676556480320002,94433.490000000005,0.32283754429597594,1.8684026778293127e-05,1.4856195605194777,0.20906246744926521,3.0787032096740643,0.20906246744926521,3.0787032096740643,0.68346284881087394,0.32283754429597594,360,1,5,1,10,1,80,1,140,3,11.379812335414639
2025-06-04T16:00:00Z,2025-06-04 16:00:00+00:00,2025,2025-06,-1,-0.1440151188532704,0.0041207971084423001,104913.52,0.10665498710426494,1.1740777693525131,0.3057560348596875,1.1740777693525131,0.5591856832902149,1.1740777693525131,0.75593290930402857,1.2372134322449073,0.10665498710426494,400,1,5,1,110,1,320,0,720,14,1.3083748140543676
2025-06-05T16:00:00Z,2025-06-05 16:00:00+00:00,2025,2025-06,-1,0.25659675856377451,0.028478098849628101,101914.75999999999,0.088327842555976505,0.53553095132466455,0.088327842555976505,0.53553095132466455,0.088327842555976505,0.53553095132466455,0.53135524846202331,0.53553095132466455,0.088327842555976505,690,1,420,1,520,1,690,0,720,6,1.5187702430389969
2025-06-16T16:00:00Z,2025-06-16 16:00:00+00:00,2025,2025-06,1,0.52071134130674945,0.013527273721586301,108652.00999999999,0.1525694023420921,0.13442977609437032,0.84423561459322372,0.20408397069529657,1.7463604859951796,0.20408397069529657,1.7463604859951796,0.20408397069529657,0.1525694023420921,260,1,5,1,160,1,165,1,220,8,9.7427526290326369
2025-06-21T16:00:00Z,2025-06-21 16:00:00+00:00,2025,2025-06,-1,-0.84013372024545085,0.0131261181028212,102245.11,0.47817649127276807,0.029146877563237195,0.47817649127276807,0.85051320029808586,0.855417962327925,1.0558104594528102,0.855417962327925,1.0558104594528102,0.47817649127276807,280,1,10,1,35,1,275,0,720,12,2.2080272369128404
2025-06-28T16:00:00Z,2025-06-28 16:00:00+00:00,2025,2025-06,-1,-1.6554774380666732,0.0020825905202617001,107225.74000000001,0.043256823545048111,0.31859054033537182,0.6830115546529768,0.31859054033537182,1.2266049365549603,0.31859054033537182,1.2266049365549603,0.31859054033537182,0.043256823545048111,295,1,90,1,95,1,120,1,270,13,3.8832195762144313
2025-07-01T16:00:00Z,2025-07-01 16:00:00+00:00,2025,2025-07,-1,-1.3098688381545172,0.0053704332757147002,105398.52,1.0515874168658725,0.26106752501777747,1.2351799224448128,0.26106752501777747,1.2351799224448128,0.52779886352900429,3.1327688120932993,0.52779886352900429,1.0515874168658725,720,1,10,1,15,1,35,1,60,5,13.228796464213525
2025-07-02T16:00:00Z,2025-07-02 16:00:00+00:00,2025,2025-07,1,-0.65062908187969981,0.0090838750212357006,109676.14,0.55083743531001816,0,0.57923781898073134,0,0.96840953533196439,0,1.1560620608087768,0,0.55083743531001816,410,1,5,1,10,1,60,1,385,0,7.2852314754049621
2025-07-11T16:00:00Z,2025-07-11 16:00:00+00:00,2025,2025-07,1,-0.1116314178306574,0.0105187572348965,118108.81,0.36259920867662471,0,0.77751286237954875,0,0.78211435476121827,0,0.78211435476121827,0,0.36259920867662471,280,1,5,1,35,1,105,0,720,0,4.1440124740188189
2025-08-02T16:00:00Z,2025-08-02 16:00:00+00:00,2025,2025-08,-1,1.3043511094449505,0.0074515215583506001,112229.42,0.65675839284091675,0.19093311360568777,0.98812640381263672,0.19093311360568777,1.238468386210259,0.37050670488022575,1.7950748939980405,0.37050670488022575,0.65675839284091675,475,1,15,1,20,1,60,1,310,1,12.600053687556967
2025-08-13T16:00:00Z,2025-08-13 16:00:00+00:00,2025,2025-08,1,0.2019322605285726,0.015744083752751801,122744.22,0.14499366618649748,0.11827560883251646,0.2312203980071951,0.46066033807797369,0.2312203980071951,0.88885329781189415,0.74450864154203888,0.88885329781189415,0.14499366618649748,625,1,5,1,595,1,605,0,720,12,1.170971161590344
2025-08-20T16:00:00Z,2025-08-20 16:00:00+00:00,2025,2025-08,1,0.055506503372102202,0.0095704844411621005,114276.66,0.25326848338286823,0.090124358886070607,0.25326848338286823,0.30924774535274607,0.29531958282522947,0.41915189254348956,0.63669939379324003,0.4972227390505507,0.25326848338286823,685,1,5,1,20,1,550,0,720,14,2.303461791942278
2025-08-25T16:00:00Z,2025-08-25 16:00:00+00:00,2025,2025-08,-1,-1.4291457681082758,0.013871353796805101,110716.13,0.2446775925682915,0.86869449461029924,0.2446775925682915,0.94512286269726298,0.2446775925682915,1.3469850995514565,0.2446775925682915,1.3469850995514565,0.2446775925682915,5,1,5,0,720,0,720,0,720,1,0.0069690794888572676
2025-08-26T16:00:00Z,2025-08-26 16:00:00+00:00,2025,2025-08,1,-1.2494899036094522,0.0135515121672441,111116.03,0.13145669657510151,0.17511527970801707,0.13145669657510151,0.54893300583370519,0.13145669657510151,0.82875816720344153,0.32848485161022545,0.82875816720344153,0.13145669657510151,715,1,5,1,690,0,720,0,720,6,0.20921954835035658
2025-08-28T16:00:00Z,2025-08-28 16:00:00+00:00,2025,2025-08,-1,-0.77883259661020166,0.0069212175414081001,111901.36,0.2704912768881626,0.037836122188425636,0.7828655224200346,0.037836122188425636,0.9488286535171937,0.61600971168263419,0.9488286535171937,2.6074889897565341,0.2704912768881626,270,1,15,1,25,1,130,0,720,3,2.1212128291383086
2025-09-12T16:00:00Z,2025-09-12 16:00:00+00:00,2025,2025-09,1,-1.7299195417495079,0.013326667361275401,116632.50999999999,0.42486417006545063,0,0.56819948075083249,0,0.68265226764410591,0,0.68265226764410591,0,0.42486417006545063,355,1,5,1,15,1,105,0,720,0,5.358734468711237
2025-09-14T16:00:00Z,2025-09-14 16:00:00+00:00,2025,2025-09,1,-0.098240751485370204,0.0037550907335638,115634.99000000001,0,0.49760045347113036,0.062187739277650048,1.0397439500696302,1.8719552701182869,1.0397439500696302,1.8719552701182869,2.5737697498063281,0,320,1,195,1,205,1,205,1,230,2,4.075741434936571
2025-09-16T16:00:00Z,2025-09-16 16:00:00+00:00,2025,2025-09,1,-0.60614008273510356,0.0082902264262537002,116800.13,0.080136122746526525,0.11220644833886226,0.22294690281924276,0.1693946659093887,0.29283698307621331,0.1693946659093887,0.66267651939178218,0.50148655889152816,0.080136122746526525,535,1,75,1,320,1,510,0,720,12,1.4784591979772765
2025-09-23T16:00:00Z,2025-09-23 16:00:00+00:00,2025,2025-09,-1,-0.27410383670734512,0.0119596444517906,111655.28999999999,0.25400259967671562,0.14732624556947047,0.41731671549507721,0.14732624556947047,0.63019133261817994,0.14732624556947047,0.83757296776050849,0.46003922515901374,0.25400259967671562,615,1,5,1,60,1,265,0,720,4,4.7911300580902605
2025-09-25T16:00:00Z,2025-09-25 16:00:00+00:00,2025,2025-09,-1,1.5711603603390925,0.0267872105269772,109360,0.041834247017303969,0.10355542307572728,0.1044127460795625,0.10355542307572728,0.13717621767866958,0.20366439120393404,0.14950313459749018,0.20366439120393404,0.041834247017303969,370,1,75,0,720,0,720,0,720,21,0.389885008371047
2025-10-10T16:00:00Z,2025-10-10 16:00:00+00:00,2025,2025-10,-1,1.1315989924528524,0.0261026104316282,116661.5,0.18121577952745399,1.2084495262245256,0.18121577952745399,5.1452235471980812,0.18121577952745399,5.1452235471980812,0.18121577952745399,5.1452235471980812,0.18121577952745399,45,1,25,0,720,0,720,0,720,3,0.059176845745261282
2025-10-13T16:00:00Z,2025-10-13 16:00:00+00:00,2025,2025-10,1,-1.1953522137324772,0.0137202558521699,115792.84,0.24769060047078539,0.047293553351640344,0.24769060047078539,0.047293553351640344,1.0491862045829783,0.047293553351640344,2.8482957570185583,0.047293553351640344,0.24769060047078539,650,1,15,1,185,1,290,1,360,3,12.626251504342278
2025-10-28T16:00:00Z,2025-10-28 16:00:00+00:00,2025,2025-10,-1,-0.2929832373848133,0.0094207810246404004,113689,0.013369350596801033,1.2814009539362545,0.013369350596801033,1.3890167620915512,0.013369350596801033,1.4940714723166966,0.013369350596801033,1.4940714723166966,0.013369350596801033,5,0,720,0,720,0,720,0,720,0,0
2025-11-04T16:00:00Z,2025-11-04 16:00:00+00:00,2025,2025-11,-1,1.4682583947032712,0.031362399527666,100542.64,0.18238657747523648,0.30035174848517959,0.42542058085326567,0.51093807956963244,0.42542058085326567,0.51093807956963244,0.57431143909804361,0.51093807956963244,0.18238657747523648,555,1,45,1,155,1,450,0,720,7,3.0251035452712145
2025-11-07T16:00:00Z,2025-11-07 16:00:00+00:00,2025,2025-11,1,-1.1428898075176852,0.025441004785816901,103395.92,0.16683164984453408,0.1911636456274903,0.16683164984453408,0.26537889545023824,0.32693324330341589,0.26537889545023824,0.57181920913087869,0.26537889545023824,0.16683164984453408,690,1,10,1,280,1,685,0,720,11,2.0685826513367727
2025-11-13T16:00:00Z,2025-11-13 16:00:00+00:00,2025,2025-11,-1,0.64782189392584755,0.032431443038953602,98682.130000000005,0.10905251468703119,0.21375293248407326,0.38993076201442706,0.21375293248407326,0.56324616419153761,0.21375293248407326,0.56324616419153761,0.87094574378190104,0.10905251468703119,220,1,45,1,150,1,200,0,720,4,1.5325321555091331
2025-11-16T16:00:00Z,2025-11-16 16:00:00+00:00,2025,2025-11,-1,2.6317083032000341,0.0085267926871345004,94020.490000000005,0.89374940601926711,0.08621177676639849,0.89374940601926711,1.2728781906343185,1.8161287559967791,1.2728781906343185,2.2968392741898724,1.2728781906343185,0.89374940601926711,715,1,5,1,5,1,25,1,275,6,11.444101456746298
2025-11-19T16:00:00Z,2025-11-19 16:00:00+00:00,2025,2025-11,-1,1.3603121489313903,0.0147944480567344,88884.559999999998,0.62058818283102479,0.2106399742202251,1.4783482028178769,0.2106399742202251,2.8529184609288185,0.2106399742202251,3.1755152804724425,0.2106399742202251,0.62058818283102479,550,1,20,1,25,1,55,1,85,1,24.890556354515702
2025-11-24T16:00:00Z,2025-11-24 16:00:00+00:00,2025,2025-11,1,0.89965846646324343,0.025286802996874701,88327.289999999994,0,0.4012279366607126,0,0.4012279366607126,0.27298659745558795,0.4012279366607126,0.46263883335678796,0.4012279366607126,0,715,1,245,1,355,0,720,0,720,3,1.3309658339946766
2025-12-22T16:00:00Z,2025-12-22 16:00:00+00:00,2025,2025-12,-1,-0.81319789893992211,0.0198231876694209,88052.419999999998,0.24786046972634634,0.080632519132316782,0.44541769029195633,0.080632519132316782,0.50595627208952432,0.080632519132316782,0.50595627208952432,0.57670803748193988,0.24786046972634634,280,1,10,1,70,1,280,0,720,5,1.8468754307646358
2025-12-28T16:00:00Z,2025-12-28 16:00:00+00:00,2025,2025-12,-1,-0.43227039912601323,0.0038327485017656,87520.75,0.4007414091196958,0.22075545442113986,1.4031571292943126,0.25575587354986651,2.8440764277161059,0.25575587354986651,8.4627555530821148,0.25575587354986651,0.4007414091196958,520,1,10,1,35,1,165,1,175,7,44.251432519894486
2026-01-09T16:00:00Z,2026-01-09 16:00:00+00:00,2026,2026-01,-1,0.076138158703536005,0.0108783032278466,90332.139999999999,0.25251742233814062,0.098907279603593773,0.39695968081110805,0.22239028534424762,0.40622041607791409,0.22239028534424762,0.45689476680396479,0.22239028534424762,0.25251742233814062,390,1,15,1,40,0,720,0,720,4,2.9727154894805601
2026-01-13T16:00:00Z,2026-01-13 16:00:00+00:00,2026,2026-01,1,-0.99356622224520541,0.0083314895830577003,94226.850000000006,0.14494449445481683,0.34743627237942604,0.21017052037169595,2.8549541445567352,0.21017052037169595,2.8549541445567352,0.21017052037169595,2.8549541445567352,0.14494449445481683,120,1,40,0,720,0,720,0,720,6,0.054835048767316305
2026-01-15T16:00:00Z,2026-01-15 16:00:00+00:00,2026,2026-01,-1,0.87099568567909424,0.016193649236801201,95516.009999999995,0.093021703450688359,0.24715910515055761,0.22908118836555483,0.24715910515055761,0.22908118836555483,0.24715910515055761,0.22908118836555483,0.24810031970713567,0.093021703450688359,155,1,130,0,720,0,720,0,720,22,0.58339115549363818
2026-01-22T16:00:00Z,2026-01-22 16:00:00+00:00,2026,2026-01,1,0.27767445271634422,0.0103335024678035,89777.889999999999,0.40941480574668554,0.18117810399311929,0.68990212262342798,0.18117810399311929,0.68990212262342798,0.18117810399311929,0.68990212262342798,0.33470485046517684,0.40941480574668554,125,1,30,1,35,1,110,0,720,7,2.1240504030160796
2026-01-25T16:00:00Z,2026-01-25 16:00:00+00:00,2026,2026-01,-1,0.5128117063029296,0.025787418338845201,86495.169999999998,0.10010886387888375,0.12265581236366557,0.23181993381087379,0.12476970845657838,0.58504116476014179,0.18896106319240136,0.70166953839803514,0.18896106319240136,0.10010886387888375,680,1,15,1,250,1,325,0,720,16,4.0400928495411454
2026-02-11T16:00:00Z,2026-02-11 16:00:00+00:00,2026,2026-02,1,0.1918085306542171,0.0199546478857376,67586.660000000003,0.2949788640168306,0.12666122477011635,0.2949788640168306,0.57731620423478269,0.59593607031298379,0.57731620423478269,0.68399102332936068,0.57731620423478269,0.2949788640168306,560,1,10,1,30,1,205,0,720,15,1.9955315800170486
2026-02-28T16:00:00Z,2026-02-28 16:00:00+00:00,2026,2026-02,1,-0.13966770254306821,0.027763932535200701,66362.009999999995,0.093147619097893972,0.42606309685689953,0.093147619097893972,0.75087692000815365,0.1737127413518107,0.75087692000815365,0.1737127413518107,0.98399835804055824,0.093147619097893972,320,1,320,0,720,0,720,0,720,5,0.014417224973832941
2026-03-07T16:00:00Z,2026-03-07 16:00:00+00:00,2026,2026-03,-1,-0.060667230288021602,0.0142768305997322,67080.330000000002,0.37195836563614865,0.012865408941864902,0.41925263102850219,0.012865408941864902,0.41925263102850219,0.012865408941864902,0.41925263102850219,0.55895721433492473,0.37195836563614865,75,1,5,1,40,0,720,0,720,4,2.0078052440799752
2026-03-10T16:00:00Z,2026-03-10 16:00:00+00:00,2026,2026-03,-1,0.38126061944165862,0.022783821102047502,70043.630000000005,0.19155917434003994,0.022633110956985149,0.23352702718116572,0.37203679567872866,0.23352702718116572,0.37203679567872866,0.23352702718116572,0.39252955542803025,0.19155917434003994,70,1,10,0,720,0,720,0,720,17,0.17478024335781706
2026-03-22T16:00:00Z,2026-03-22 16:00:00+00:00,2026,2026-03,-1,0.081579751453824803,0.0102626604806945,68199.929999999993,0.42550846181051299,0.17150077157087393,0.42550846181051299,1.2065458555691195,0.42550846181051299,1.2065458555691195,1.0169026779046104,1.2065458555691195,0.42550846181051299,560,1,5,1,20,1,425,1,560,14,1.6536636263758451
2026-04-01T16:00:00Z,2026-04-01 16:00:00+00:00,2026,2026-04,-1,1.4936628341052569,0.0143105721660248,68176.839999999997,0.073921866837558553,0.21799980711812872,0.36511850807771751,0.21799980711812872,0.48673445333844367,1.1637396413239329,0.48673445333844367,2.0381178827580637,0.073921866837558553,300,1,65,1,90,0,720,0,720,8,0.41760051855802049
2026-04-10T16:00:00Z,2026-04-10 16:00:00+00:00,2026,2026-04,1,-1.255901784144752,0.0110380054967617,73236.110000000001,0.22807559573942321,0.24446792368991377,0.66488168941487191,0.24446792368991377,0.70302200125896164,0.24446792368991377,0.77515855803865152,0.24446792368991377,0.22807559573942321,605,1,10,1,75,1,165,0,720,5,4.8137707525550706
2026-05-09T16:00:00Z,2026-05-09 16:00:00+00:00,2026,2026-05,1,1.591403558344203,0.0068323649935641004,80938.529999999999,0.35041814894562451,0,0.48637547526293595,0,0.66290756503087356,0,0.66290756503087356,0,0.35041814894562451,325,1,5,1,25,1,210,0,720,0,4.2286901876289491
2026-05-20T16:00:00Z,2026-05-20 16:00:00+00:00,2026,2026-05,1,0.59076149021846625,0.0033279848246531001,77667.490000000005,0.74101971023712054,0.35769227178983559,1.7105483472600629,0.38319507479882586,1.7105483472600629,1.949970583264242,1.7105483472600629,1.9763379106351915,0.74101971023712054,145,1,5,1,5,1,25,1,125,9,2.186790408401289
2026-05-22T16:00:00Z,2026-05-22 16:00:00+00:00,2026,2026-05,-1,0.59511238854498372,0.0147167129761745,75860.440000000002,0.19722940969880531,0.030855711647465121,0.20339170705672635,0.27119217458550532,0.20339170705672635,0.57609218673038987,0.20339170705672635,1.4218098560137455,0.19722940969880531,95,1,5,0,720,0,720,0,720,1,0.24236468041145731
2026-06-07T16:00:00Z,2026-06-07 16:00:00+00:00,2026,2026-06,-1,0.60531671472553406,0.014763487438987,61327.989999999998,0.69716140205852684,0.122507629888795,3.1365831666952699,0.122507629888795,3.1365831666952699,0.122507629888795,3.1365831666952699,0.122507629888795,0.69716140205852684,140,1,5,1,10,1,25,1,135,0,19.534984512329125
2026-06-17T16:00:00Z,2026-06-17 16:00:00+00:00,2026,2026-06,-1,0.73307311372565753,0.027032787068868702,64301.849999999999,0.10748592587891086,0.069398829480414606,0.10748592587891086,0.22277685984830595,0.28890063871970006,0.22277685984830595,0.28890063871970006,0.35002247700016209,0.10748592587891086,315,1,40,1,310,0,720,0,720,18,0.80831569149901772
2026-06-29T16:00:00Z,2026-06-29 16:00:00+00:00,2026,2026-06,1,1.5618387935902285,0.014270349881311,60433.5,0.16040939338933705,0.13849825241134017,0.19927259479863035,0.1765963203797096,0.85573000324469151,0.1765963203797096,1.2559599616503561,0.1765963203797096,0.16040939338933705,580,1,55,1,205,1,270,1,485,5,6.9048253800330102
2026-07-08T16:00:00Z,2026-07-08 16:00:00+00:00,2026,2026-07,1,1.1137250342028262,0.0111253248955377,62277.980000000003,0.28214315989570687,0.041210835598333065,0.46591507526157577,0.10479370846414834,0.63857949067881392,0.5238559265680639,0.83038002781489018,1.4393221841404542,0.28214315989570687,415,1,5,1,55,1,355,0,720,13,1.9259788638264441
